{
    "train": {
        "0": {
            "precision": 0.9995788418931333,
            "recall": 0.9997946008583162,
            "f1-score": 0.9996867040520272,
            "support": 28722.5
        },
        "1": {
            "precision": 0.9979454372635559,
            "recall": 0.9957970690804177,
            "f1-score": 0.9968695304147586,
            "support": 2879.5
        },
        "accuracy": 0.9994304157964686,
        "macro avg": {
            "precision": 0.9987621395783446,
            "recall": 0.9977958349693669,
            "f1-score": 0.998278117233393,
            "support": 31602.0
        },
        "weighted avg": {
            "precision": 0.9994301504766341,
            "recall": 0.9994304157964686,
            "f1-score": 0.9994301103309506,
            "support": 31602.0
        }
    },
    "test": {
        "0": {
            "precision": 0.9889834917924756,
            "recall": 0.9915260627834759,
            "f1-score": 0.9902528382037387,
            "support": 14160.5
        },
        "1": {
            "precision": 0.9123453920282758,
            "recall": 0.888775267049312,
            "f1-score": 0.9003778524781682,
            "support": 1405.5
        },
        "accuracy": 0.982243350892972,
        "macro avg": {
            "precision": 0.9506644419103758,
            "recall": 0.940150664916394,
            "f1-score": 0.9453153453409534,
            "support": 15566.0
        },
        "weighted avg": {
            "precision": 0.9820689076372761,
            "recall": 0.982243350892972,
            "f1-score": 0.9821377542024392,
            "support": 15566.0
        }
    }
}