{
    "train": {
        "0": {
            "precision": 0.9994127930471931,
            "recall": 0.9997858026192527,
            "f1-score": 0.999599258913841,
            "support": 30812.9
        },
        "1": {
            "precision": 0.9979968385077213,
            "recall": 0.9945266618601913,
            "f1-score": 0.9962583733200825,
            "support": 3306.1
        },
        "accuracy": 0.9992760631905977,
        "macro avg": {
            "precision": 0.9987048157774572,
            "recall": 0.9971562322397218,
            "f1-score": 0.9979288161169618,
            "support": 34119.0
        },
        "weighted avg": {
            "precision": 0.9992756223072407,
            "recall": 0.9992760631905977,
            "f1-score": 0.9992754800675018,
            "support": 34119.0
        }
    },
    "test": {
        "0": {
            "precision": 0.9860593871131709,
            "recall": 0.9897702173880611,
            "f1-score": 0.9879108587700041,
            "support": 15151.1
        },
        "1": {
            "precision": 0.9029441572274152,
            "recall": 0.8718942081091354,
            "f1-score": 0.8871133623188531,
            "support": 1653.9
        },
        "accuracy": 0.9781612615293067,
        "macro avg": {
            "precision": 0.9445017721702931,
            "recall": 0.9308322127485983,
            "f1-score": 0.9375121105444286,
            "support": 16805.0
        },
        "weighted avg": {
            "precision": 0.9778882526758064,
            "recall": 0.9781612615293067,
            "f1-score": 0.9779908483864098,
            "support": 16805.0
        }
    }
}